category,order_count,total_sales,avg_sale_value,total_quantity
电子产品,2030,10264748.19000006,5056.526201970472,4996.0
服装,1962,9625852.65000003,4906.143042813471,4962.0
美妆,1999,9276221.30000001,4640.4308654327215,4934.0
家居,2053,9205855.12999995,4484.0989430102045,5140.0
食品,1956,2474901.100000002,1265.2868609406962,4964.0
