city,order_count,total_sales,customer_count,sales_per_customer
武汉,1377,5822330.85,140,41588.0775
南京,1305,5326549.619999995,133,40049.24526315786
上海,1289,5284858.929999998,127,41613.062440944865
北京,1201,5120746.760000002,120,42672.88966666668
广州,1254,4973775.109999994,123,40437.19601626011
深圳,1216,4961090.239999994,122,40664.67409836061
杭州,1230,4888045.689999999,123,39740.208861788604
成都,1128,4470181.169999999,112,39912.33187499999
